{
  "version": 1,
  "author": "Anonymous maker",
  "editor": "wokwi",
  "parts": [
    { "type": "wokwi-breadboard", "id": "bb1", "top": -166.2, "left": -534.8, "attrs": {} },
    { "type": "board-esp32-devkit-c-v4", "id": "esp", "top": 67.2, "left": -369.56, "attrs": {} },
    {
      "type": "wokwi-hc-sr04",
      "id": "ultrasonic1",
      "top": -296.1,
      "left": -532.1,
      "attrs": { "distance": "57" }
    },
    {
      "type": "wokwi-lcd2004",
      "id": "lcd2",
      "top": 121.6,
      "left": -23.2,
      "attrs": { "pins": "i2c" }
    },
    { "type": "wokwi-dht22", "id": "dht1", "top": -326.1, "left": -312.6, "attrs": {} },
    { "type": "wokwi-potentiometer", "id": "pot1", "top": -289.3, "left": -192.2, "attrs": {} },
    {
      "type": "wokwi-led",
      "id": "led1",
      "top": -128.4,
      "left": -178.6,
      "attrs": { "color": "green" }
    },
    {
      "type": "wokwi-led",
      "id": "led2",
      "top": -128.4,
      "left": -149.8,
      "attrs": { "color": "yellow" }
    },
    {
      "type": "wokwi-led",
      "id": "led3",
      "top": -128.4,
      "left": -121,
      "attrs": { "color": "red" }
    },
    {
      "type": "wokwi-resistor",
      "id": "r1",
      "top": -52.8,
      "left": -125.35,
      "rotate": 90,
      "attrs": { "value": "220" }
    },
    {
      "type": "wokwi-resistor",
      "id": "r2",
      "top": -52.8,
      "left": -154.15,
      "rotate": 90,
      "attrs": { "value": "220" }
    },
    {
      "type": "wokwi-resistor",
      "id": "r3",
      "top": -52.8,
      "left": -182.95,
      "rotate": 90,
      "attrs": { "value": "220" }
    }
  ],
  "connections": [
    [ "esp:TX", "$serialMonitor:RX", "", [] ],
    [ "esp:RX", "$serialMonitor:TX", "", [] ],
    [ "esp:GND.1", "bb1:bn.1", "black", [ "h-163.05", "v-200.3" ] ],
    [ "esp:5V", "bb1:bp.1", "red", [ "h-172.65", "v-258.3" ] ],
    [ "bb1:bp.50", "bb1:tp.50", "red", [ "v-0.9", "h37.6", "v-172.8" ] ],
    [ "bb1:bn.50", "bb1:tn.50", "black", [ "v-1.3", "h28", "v-172.8" ] ],
    [ "ultrasonic1:VCC", "bb1:tp.1", "red", [ "v19.2", "h-28" ] ],
    [ "ultrasonic1:GND", "bb1:tn.2", "black", [ "v28.8", "h-48.4" ] ],
    [ "lcd2:GND", "bb1:bn.41", "black", [ "h-9.6", "v-113.9" ] ],
    [ "lcd2:VCC", "bb1:bn.40", "red", [ "h-19.2", "v0.1" ] ],
    [ "dht1:VCC", "bb1:tp.16", "red", [ "v9.6", "h-18.4" ] ],
    [ "dht1:GND", "bb1:tn.18", "black", [ "v19.2", "h-28" ] ],
    [ "pot1:GND", "bb1:tn.30", "black", [ "v0" ] ],
    [ "pot1:VCC", "bb1:tp.31", "red", [ "v0" ] ],
    [ "ultrasonic1:TRIG", "esp:25", "green", [ "v9.6", "h-144.4", "v374.4" ] ],
    [ "ultrasonic1:ECHO", "esp:26", "gold", [ "v19.2", "h-144.8", "v364.8" ] ],
    [ "dht1:SDA", "esp:27", "magenta", [ "v38.4", "h-287.9", "v364.8" ] ],
    [ "bb1:44b.j", "esp:5", "red", [ "v0" ] ],
    [ "bb1:41b.j", "esp:18", "yellow", [ "v0" ] ],
    [ "bb1:38b.j", "esp:19", "limegreen", [ "v0" ] ],
    [ "bb1:37t.e", "bb1:bn.30", "black", [ "v0" ] ],
    [ "bb1:40t.e", "bb1:bn.32", "black", [ "v0" ] ],
    [ "bb1:43t.e", "bb1:bn.35", "black", [ "v0" ] ],
    [ "lcd2:SDA", "esp:17", "green", [ "h-67.2", "v38.6" ] ],
    [ "lcd2:SCL", "esp:16", "green", [ "h-57.6", "v0.3" ] ],
    [ "esp:35", "pot1:SIG", "green", [ "h-191.85", "v-307.2", "h403.2", "v-9.6" ] ],
    [ "led1:A", "bb1:38t.d", "", [ "$bb" ] ],
    [ "led1:C", "bb1:37t.d", "", [ "$bb" ] ],
    [ "led2:A", "bb1:41t.d", "", [ "$bb" ] ],
    [ "led2:C", "bb1:40t.d", "", [ "$bb" ] ],
    [ "led3:A", "bb1:44t.d", "", [ "$bb" ] ],
    [ "led3:C", "bb1:43t.d", "", [ "$bb" ] ],
    [ "r1:1", "bb1:44t.e", "", [ "$bb" ] ],
    [ "r1:2", "bb1:44b.i", "", [ "$bb" ] ],
    [ "r2:1", "bb1:41t.e", "", [ "$bb" ] ],
    [ "r2:2", "bb1:41b.i", "", [ "$bb" ] ],
    [ "r3:1", "bb1:38t.e", "", [ "$bb" ] ],
    [ "r3:2", "bb1:38b.i", "", [ "$bb" ] ]
  ],
  "dependencies": {}
}